,Username,Age,Date
0,hotlarry,36,2018-07-28
1,felicitywe,40,2018-07-28
2,StPlayer,35,2018-07-28
3,tarezulu,37,2018-07-28
4,saintbiddy,38,2018-07-28
5,thewangle,30,2018-07-28
6,toyad,34,2018-07-28
7,tiano555,29,2018-07-28
8,Ebitito,29,2018-07-28
9,Jman3,37,2018-07-28
10,apoloki,43,2018-07-28
11,TWINKIE,29,2018-07-28
12,Adebammm,31,2018-07-28
13,Jimy66,32,2018-07-28
14,Fikayoige,25,2018-07-28
15,onyeali,34,2018-07-28
16,fairyprincess,82,2018-07-28
17,hugoboss36,38,2018-07-28
18,Mayany,31,2018-07-28
19,Abbexy,31,2018-07-28
20,yusuff4u2c,24,2018-07-28
21,Jordi,24,2018-07-28
22,jteku,33,2018-07-28
23,oladapoayo,34,2018-07-28
24,phaco,30,2018-07-28
25,psalm1man,26,2018-07-28
26,Zaynuba,28,2018-07-28
27,conquistadores,29,2018-07-28
28,Wizyoung,24,2018-07-28
29,johnbosco97,49,2018-07-28
30,ochukohenry,31,2018-07-28
31,smithbidy,27,2018-07-28
32,Bolic,33,2018-07-28
33,Mickop,24,2018-07-28
34,harbeyly,31,2018-07-28
35,vickydammy,29,2018-07-28
36,Odedenshi1,35,2018-07-28
37,Chinachriss,26,2018-07-28
38,Peachess,20,2018-07-28
39,princekami,26,2018-07-28
40,alegbeleye,28,2018-07-28
41,Duduwere,22,2018-07-28
42,TomMary,22,2018-07-28
43,johnsmhelia15,24,2018-07-28
44,priestchurch,28,2018-07-28
45,MropeEleniyan00,30,2018-07-28
46,legwa10,25,2018-07-28
47,pink67,20,2018-07-28
48,wheezyprincy,21,2018-07-28
49,livegreendee,29,2018-07-28
50,damilolipop,24,2018-07-28
51,Montaza,20,2018-07-28
52,dsupremeoley,31,2018-07-28
53,rowbee,18,2018-07-28
54,reloaded01,33,2018-07-28
55,opara28,25,2018-07-28
56,SwagCity,22,2018-07-28
57,adajoe555,22,2018-07-28
58,Barristergreen,31,2018-07-28
59,tjboss892,26,2018-07-28
60,Jineloy93,25,2018-07-28
61,Lampert505,19,2018-07-28
62,yogeshkhetani,33,2018-07-28
63,HisExcellence,27,2018-07-28
64,Oluwaseyi00,22,2018-07-28
65,MartinCouture,26,2018-07-28
66,Youngnova,24,2018-07-28
67,rajiraymond,38,2018-07-28
68,samiportalx,24,2018-07-28
69,Rosebaby568,26,2018-07-28
70,Goddygee1,22,2018-07-28
71,oyinda1599,27,2018-07-28
72,Favbolu,22,2018-07-28
73,Atteh1,19,2018-07-28
74,AfuyeColony,27,2018-07-28
75,Princehollex,18,2018-07-28
76,Titilopemi1,23,2018-07-28
77,BuzzeeMo,34,2018-07-28
78,UthmanUnique,26,2018-07-28
79,Fuckkerlord,18,2018-07-28
80,lenny12,22,2018-07-28
81,Papoose04,34,2018-07-28
82,thelawalsideeq,28,2018-07-28
83,miklestheory,31,2018-07-28
84,Nuradishola,21,2018-07-28
85,Mommyspet,22,2018-07-28
86,nuhuuyf,26,2018-07-28
